1,normal,33.674428,-117.9132285,1
2,normal,33.674428,-117.913193,0
3,normal,33.674428,-117.9131575,1
4,normal,33.674428,-117.913122,0
5,normal,33.674428,-117.9130865,1
6,normal,33.674428,-117.913051,0
7,normal,33.674428,-117.9130155,1
8,normal,33.674428,-117.91298,0
9,normal,33.674428,-117.9129445,1
10,normal,33.674428,-117.912909,0
11,normal,33.674428,-117.9128735,1
12,normal,33.674428,-117.912838,0
13,normal,33.674428,-117.9128025,1
14,normal,33.674428,-117.912767,0
15,normal,33.674428,-117.9127315,1
16,normal,33.674428,-117.912696,0
17,normal,33.674428,-117.9126605,1
18,normal,33.674428,-117.912625,0
19,normal,33.674428,-117.9125895,1
20,normal,33.674428,-117.912554,0
21,normal,33.674428,-117.9125185,1
22,normal,33.674428,-117.912483,0
23,normal,33.674428,-117.9124475,1
24,normal,33.674428,-117.912412,0
25,normal,33.674428,-117.9123765,1
26,normal,33.674428,-117.912341,0
27,normal,33.674428,-117.9123055,1
28,normal,33.674428,-117.91227,0
29,normal,33.674428,-117.9122345,1
30,normal,33.674428,-117.912199,0
31,normal,33.674428,-117.9121635,1
32,normal,33.674428,-117.912128,0
33,normal,33.674428,-117.9120925,1
34,normal,33.674428,-117.912057,0
35,normal,33.674428,-117.9120215,1
36,normal,33.674428,-117.911986,0
37,normal,33.674428,-117.9119505,1
38,normal,33.674428,-117.911915,0
39,normal,33.674285,-117.913100545,1
40,normal,33.674285,-117.913071091,0
41,normal,33.674285,-117.913041636,1
42,normal,33.674285,-117.913012182,0
43,normal,33.674285,-117.912982727,1
44,normal,33.674285,-117.912953273,0
45,normal,33.674285,-117.912923818,1
46,normal,33.674285,-117.912894364,0
47,normal,33.674285,-117.912864909,1
48,normal,33.674285,-117.912835455,0
49,normal,33.674285,-117.912806,1
50,normal,33.674285,-117.912776545,0
51,normal,33.674285,-117.912747091,1
52,normal,33.674285,-117.912717636,0
53,normal,33.674285,-117.912688182,1
54,normal,33.674285,-117.912658727,0
55,normal,33.674285,-117.912629273,1
56,normal,33.674285,-117.912599818,0
57,normal,33.674285,-117.912570364,1
58,normal,33.674285,-117.912540909,0
59,normal,33.674285,-117.912511455,1
60,normal,33.674285,-117.912482,0
61,normal,33.674285,-117.912452545,1
62,normal,33.674285,-117.912423091,0
63,normal,33.674285,-117.912393636,1
64,normal,33.674285,-117.912364182,0
65,normal,33.674285,-117.912334727,1
66,normal,33.674285,-117.912305273,0
67,normal,33.674285,-117.912275818,1
68,normal,33.674285,-117.912246364,0
69,normal,33.674285,-117.912216909,1
70,normal,33.674285,-117.912187455,0
71,normal,33.674285,-117.912158,1
72,normal,33.674285,-117.912128545,0
73,normal,33.674285,-117.912099091,1
74,normal,33.674285,-117.912069636,0
75,normal,33.674285,-117.912040182,1
76,normal,33.674285,-117.912010727,0
77,normal,33.674285,-117.911981273,1
78,normal,33.674285,-117.911951818,0
79,normal,33.674285,-117.911922364,1
80,normal,33.674285,-117.911892909,0
81,normal,33.674285,-117.911863455,1
82,normal,33.67423,-117.913100545,0
83,normal,33.67423,-117.913071091,1
84,normal,33.67423,-117.913041636,0
85,normal,33.67423,-117.913012182,1
86,normal,33.67423,-117.912982727,0
87,normal,33.67423,-117.912953273,1
88,normal,33.67423,-117.912923818,0
89,normal,33.67423,-117.912894364,1
90,normal,33.67423,-117.912864909,0
91,normal,33.67423,-117.912835455,1
92,normal,33.67423,-117.912806,0
93,normal,33.67423,-117.912776545,1
94,normal,33.67423,-117.912747091,0
95,normal,33.67423,-117.912717636,1
96,normal,33.67423,-117.912688182,0
97,normal,33.67423,-117.912658727,1
98,normal,33.67423,-117.912629273,0
99,normal,33.67423,-117.912599818,1
100,normal,33.67423,-117.912570364,0
101,normal,33.67423,-117.912540909,1
102,normal,33.67423,-117.912511455,0
103,normal,33.67423,-117.912482,1
104,normal,33.67423,-117.912452545,0
105,normal,33.67423,-117.912423091,1
106,normal,33.67423,-117.912393636,0
107,normal,33.67423,-117.912364182,1
108,normal,33.67423,-117.912334727,0
109,normal,33.67423,-117.912305273,1
110,normal,33.67423,-117.912275818,0
111,normal,33.67423,-117.912246364,1
112,normal,33.67423,-117.912216909,0
113,normal,33.67423,-117.912187455,1
114,normal,33.67423,-117.912158,0
115,normal,33.67423,-117.912128545,1
116,normal,33.67423,-117.912099091,0
117,normal,33.67423,-117.912069636,1
118,normal,33.67423,-117.912040182,0
119,normal,33.67423,-117.912010727,1
120,normal,33.67423,-117.911981273,0
121,normal,33.67423,-117.911951818,1
122,normal,33.67423,-117.911922364,0
123,normal,33.67423,-117.911892909,1
124,normal,33.67423,-117.911863455,0
125,normal,33.674135,-117.913101826,1
126,normal,33.674135,-117.913073652,0
127,normal,33.674135,-117.913045478,1
128,normal,33.674135,-117.913017304,0
129,normal,33.674135,-117.91298913,1
130,normal,33.674135,-117.912960957,0
131,normal,33.674135,-117.912932783,1
132,normal,33.674135,-117.912904609,0
133,normal,33.674135,-117.912876435,1
134,normal,33.674135,-117.912848261,0
135,normal,33.674135,-117.912820087,1
136,normal,33.674135,-117.912791913,0
137,normal,33.674135,-117.912763739,1
138,normal,33.674135,-117.912735565,0
139,normal,33.674135,-117.912707391,1
140,normal,33.674135,-117.912679217,0
141,normal,33.674135,-117.912651043,1
142,normal,33.674135,-117.91262287,0
143,normal,33.674135,-117.912594696,1
144,normal,33.674135,-117.912566522,0
145,normal,33.674135,-117.912538348,1
146,normal,33.674135,-117.912510174,0
147,normal,33.674135,-117.912482,1
148,normal,33.674135,-117.912453826,0
149,normal,33.674135,-117.912425652,1
150,normal,33.674135,-117.912397478,0
151,normal,33.674135,-117.912369304,1
152,normal,33.674135,-117.91234113,0
153,normal,33.674135,-117.912312957,1
154,normal,33.674135,-117.912284783,0
155,normal,33.674135,-117.912256609,1
156,normal,33.674135,-117.912228435,0
157,normal,33.674135,-117.912200261,1
158,normal,33.674135,-117.912172087,0
159,normal,33.674135,-117.912143913,1
160,normal,33.674135,-117.912115739,0
161,normal,33.674135,-117.912087565,1
162,normal,33.674135,-117.912059391,0
163,normal,33.674135,-117.912031217,1
164,normal,33.674135,-117.912003043,0
165,normal,33.674135,-117.91197487,1
166,normal,33.674135,-117.911946696,0
167,normal,33.674135,-117.911918522,1
168,normal,33.674135,-117.911890348,0
169,normal,33.674135,-117.911862174,1
170,normal,33.674135,-117.911834,0
171,normal,33.6741,-117.911833913,1
172,normal,33.6741,-117.911833826,0
173,normal,33.6741,-117.911833739,1
174,normal,33.6741,-117.911833652,0
175,normal,33.6741,-117.911833565,1
176,normal,33.6741,-117.911833478,0
177,normal,33.6741,-117.911833391,1
178,normal,33.6741,-117.911833304,0
179,normal,33.6741,-117.911833217,1
180,normal,33.6741,-117.91183313,0
181,normal,33.6741,-117.911833043,1
182,normal,33.6741,-117.911832957,0
183,normal,33.6741,-117.91183287,1
184,normal,33.6741,-117.911832783,0
185,normal,33.6741,-117.911832696,1
186,normal,33.6741,-117.911832609,0
187,normal,33.6741,-117.911832522,1
188,normal,33.6741,-117.911832435,0
189,normal,33.6741,-117.911832348,1
190,normal,33.6741,-117.911832261,0
191,normal,33.6741,-117.911832174,1
192,normal,33.6741,-117.911832087,0
193,normal,33.6741,-117.911832,1
194,normal,33.6741,-117.911831913,0
195,normal,33.6741,-117.911831826,1
196,normal,33.6741,-117.911831739,0
197,normal,33.6741,-117.911831652,1
198,normal,33.6741,-117.911831565,0
199,normal,33.6741,-117.911831478,1
200,normal,33.6741,-117.911831391,0
201,normal,33.6741,-117.911831304,1
202,normal,33.6741,-117.911831217,0
203,normal,33.6741,-117.91183113,1
204,normal,33.6741,-117.911831043,0
205,normal,33.6741,-117.911830957,1
206,normal,33.6741,-117.91183087,0
207,normal,33.6741,-117.911830783,1
208,normal,33.6741,-117.911830696,0
209,normal,33.6741,-117.911830609,1
210,normal,33.6741,-117.911830522,0
211,normal,33.6741,-117.911830435,1
212,normal,33.6741,-117.911830348,0
213,normal,33.6741,-117.911830261,1
214,normal,33.6741,-117.911830174,0
215,normal,33.6741,-117.911830087,1
216,normal,33.6741,-117.91183,0
217,normal,33.67391,-117.913281526,1
218,normal,33.67391,-117.913253053,0
219,normal,33.67391,-117.913224579,1
220,normal,33.67391,-117.913196105,0
221,normal,33.67391,-117.913167632,1
222,normal,33.67391,-117.913139158,0
223,normal,33.67391,-117.913110684,1
224,normal,33.67391,-117.913082211,0
225,normal,33.67391,-117.913053737,1
226,normal,33.67391,-117.913025263,0
227,normal,33.67391,-117.912996789,1
228,normal,33.67391,-117.912968316,0
229,normal,33.67391,-117.912939842,1
230,normal,33.67391,-117.912911368,0
231,normal,33.67391,-117.912882895,1
232,normal,33.67391,-117.912854421,0
233,normal,33.67391,-117.912825947,1
234,normal,33.67391,-117.912797474,0
235,normal,33.67391,-117.912769,1
236,normal,33.67391,-117.912740526,0
237,normal,33.67391,-117.912712053,1
238,normal,33.67391,-117.912683579,0
239,normal,33.67391,-117.912655105,1
240,normal,33.67391,-117.912626632,0
241,normal,33.67391,-117.912598158,1
242,normal,33.67391,-117.912569684,0
243,normal,33.67391,-117.912541211,1
244,normal,33.67391,-117.912512737,0
245,normal,33.67391,-117.912484263,1
246,normal,33.67391,-117.912455789,0
247,normal,33.67391,-117.912427316,1
248,normal,33.67391,-117.912398842,0
249,normal,33.67391,-117.912370368,1
250,normal,33.67391,-117.912341895,0
251,normal,33.67391,-117.912313421,1
252,normal,33.67391,-117.912284947,0
253,normal,33.67391,-117.912256474,1
254,normal,33.67391,-117.912228,0
255,normal,33.67391,-117.912199526,1
256,normal,33.67391,-117.912171053,0
257,normal,33.67391,-117.912142579,1
258,normal,33.67391,-117.912114105,0
259,normal,33.67391,-117.912085632,1
260,normal,33.67391,-117.912057158,0
261,normal,33.67391,-117.912028684,1
262,normal,33.67391,-117.912000211,0
263,normal,33.67391,-117.911971737,1
264,normal,33.67391,-117.911943263,0
265,normal,33.67391,-117.911914789,1
266,normal,33.67391,-117.911886316,0
267,normal,33.67391,-117.911857842,1
268,normal,33.67391,-117.911829368,0
269,normal,33.67391,-117.911800895,1
270,normal,33.67391,-117.911772421,0
271,normal,33.67391,-117.911743947,1
272,normal,33.67391,-117.911715474,0
273,normal,33.67391,-117.911687,1
274,normal,33.67385,-117.913281526,0
275,normal,33.67385,-117.913253053,1
276,normal,33.67385,-117.913224579,0
277,normal,33.67385,-117.913196105,1
278,normal,33.67385,-117.913167632,0
279,normal,33.67385,-117.913139158,1
280,normal,33.67385,-117.913110684,0
281,normal,33.67385,-117.913082211,1
282,normal,33.67385,-117.913053737,0
283,normal,33.67385,-117.913025263,1
284,normal,33.67385,-117.912996789,0
285,normal,33.67385,-117.912968316,1
286,normal,33.67385,-117.912939842,0
287,normal,33.67385,-117.912911368,1
288,normal,33.67385,-117.912882895,0
289,normal,33.67385,-117.912854421,1
290,normal,33.67385,-117.912825947,0
291,normal,33.67385,-117.912797474,1
292,normal,33.67385,-117.912769,0
293,normal,33.67385,-117.912740526,1
294,normal,33.67385,-117.912712053,0
295,normal,33.67385,-117.912683579,1
296,normal,33.67385,-117.912655105,0
297,normal,33.67385,-117.912626632,1
298,normal,33.67385,-117.912598158,0
299,normal,33.67385,-117.912569684,1
300,normal,33.67385,-117.912541211,0
301,normal,33.67385,-117.912512737,1
302,normal,33.67385,-117.912484263,0
303,normal,33.67385,-117.912455789,1
304,normal,33.67385,-117.912427316,0
305,normal,33.67385,-117.912398842,1
306,normal,33.67385,-117.912370368,0
307,normal,33.67385,-117.912341895,1
308,normal,33.67385,-117.912313421,0
309,normal,33.67385,-117.912284947,1
310,normal,33.67385,-117.912256474,0
311,normal,33.67385,-117.912228,1
312,normal,33.67385,-117.912199526,0
313,normal,33.67385,-117.912171053,1
314,normal,33.67385,-117.912142579,0
315,normal,33.67385,-117.912114105,1
316,normal,33.67385,-117.912085632,0
317,normal,33.67385,-117.912057158,1
318,normal,33.67385,-117.912028684,0
319,normal,33.67385,-117.912000211,1
320,normal,33.67385,-117.911971737,0
321,normal,33.67385,-117.911943263,1
322,normal,33.67385,-117.911914789,0
323,normal,33.67385,-117.911886316,1
324,normal,33.67385,-117.911857842,0
325,normal,33.67385,-117.911829368,1
326,normal,33.67385,-117.911800895,0
327,normal,33.67385,-117.911772421,1
328,normal,33.67385,-117.911743947,0
329,normal,33.67385,-117.911715474,1
330,normal,33.67385,-117.911687,0
331,normal,33.67374,-117.913281526,1
332,normal,33.67374,-117.913253053,0
333,normal,33.67374,-117.913224579,1
334,normal,33.67374,-117.913196105,0
335,normal,33.67374,-117.913167632,1
336,normal,33.67374,-117.913139158,0
337,normal,33.67374,-117.913110684,1
338,normal,33.67374,-117.913082211,0
339,normal,33.67374,-117.913053737,1
340,normal,33.67374,-117.913025263,0
341,normal,33.67374,-117.912996789,1
342,normal,33.67374,-117.912968316,0
343,normal,33.67374,-117.912939842,1
344,normal,33.67374,-117.912911368,0
345,normal,33.67374,-117.912882895,1
346,normal,33.67374,-117.912854421,0
347,normal,33.67374,-117.912825947,1
348,normal,33.67374,-117.912797474,0
349,normal,33.67374,-117.912769,1
350,normal,33.67374,-117.912740526,0
351,normal,33.67374,-117.912712053,1
352,normal,33.67374,-117.912683579,0
353,normal,33.67374,-117.912655105,1
354,normal,33.67374,-117.912626632,0
355,normal,33.67374,-117.912598158,1
356,normal,33.67374,-117.912569684,0
357,normal,33.67374,-117.912541211,1
358,normal,33.67374,-117.912512737,0
359,normal,33.67374,-117.912484263,1
360,normal,33.67374,-117.912455789,0
361,normal,33.67374,-117.912427316,1
362,normal,33.67374,-117.912398842,0
363,normal,33.67374,-117.912370368,1
364,normal,33.67374,-117.912341895,0
365,normal,33.67374,-117.912313421,1
366,normal,33.67374,-117.912284947,0
367,normal,33.67374,-117.912256474,1
368,normal,33.67374,-117.912228,0
369,normal,33.67374,-117.912199526,1
370,normal,33.67374,-117.912171053,0
371,normal,33.67374,-117.912142579,1
372,normal,33.67374,-117.912114105,0
373,normal,33.67374,-117.912085632,1
374,normal,33.67374,-117.912057158,0
375,normal,33.67374,-117.912028684,1
376,normal,33.67374,-117.912000211,0
377,normal,33.67374,-117.911971737,1
378,normal,33.67374,-117.911943263,0
379,normal,33.67374,-117.911914789,1
380,normal,33.67374,-117.911886316,0
381,normal,33.67374,-117.911857842,1
382,normal,33.67374,-117.911829368,0
383,normal,33.67374,-117.911800895,1
384,normal,33.67374,-117.911772421,0
385,normal,33.67374,-117.911743947,1
386,normal,33.67374,-117.911715474,0
387,normal,33.67374,-117.911687,1
388,normal,33.67368,-117.913281526,0
389,normal,33.67368,-117.913253053,1
390,normal,33.67368,-117.913224579,0
391,normal,33.67368,-117.913196105,1
392,normal,33.67368,-117.913167632,0
393,normal,33.67368,-117.913139158,1
394,normal,33.67368,-117.913110684,0
395,normal,33.67368,-117.913082211,1
396,normal,33.67368,-117.913053737,0
397,normal,33.67368,-117.913025263,1
398,normal,33.67368,-117.912996789,0
399,normal,33.67368,-117.912968316,1
400,normal,33.67368,-117.912939842,0
401,normal,33.67368,-117.912911368,1
402,normal,33.67368,-117.912882895,0
403,normal,33.67368,-117.912854421,1
404,normal,33.67368,-117.912825947,0
405,normal,33.67368,-117.912797474,1
406,normal,33.67368,-117.912769,0
407,normal,33.67368,-117.912740526,1
408,normal,33.67368,-117.912712053,0
409,normal,33.67368,-117.912683579,1
410,normal,33.67368,-117.912655105,0
411,normal,33.67368,-117.912626632,1
412,normal,33.67368,-117.912598158,0
413,normal,33.67368,-117.912569684,1
414,normal,33.67368,-117.912541211,0
415,normal,33.67368,-117.912512737,1
416,normal,33.67368,-117.912484263,0
417,normal,33.67368,-117.912455789,1
418,normal,33.67368,-117.912427316,0
419,normal,33.67368,-117.912398842,1
420,normal,33.67368,-117.912370368,0
421,normal,33.67368,-117.912341895,1
422,normal,33.67368,-117.912313421,0
423,normal,33.67368,-117.912284947,1
424,normal,33.67368,-117.912256474,0
425,normal,33.67368,-117.912228,1
426,normal,33.67368,-117.912199526,0
427,normal,33.67368,-117.912171053,1
428,normal,33.67368,-117.912142579,0
429,normal,33.67368,-117.912114105,1
430,normal,33.67368,-117.912085632,0
431,normal,33.67368,-117.912057158,1
432,normal,33.67368,-117.912028684,0
433,normal,33.67368,-117.912000211,1
434,normal,33.67368,-117.911971737,0
435,normal,33.67368,-117.911943263,1
436,normal,33.67368,-117.911914789,0
437,normal,33.67368,-117.911886316,1
438,normal,33.67368,-117.911857842,0
439,normal,33.67368,-117.911829368,1
440,normal,33.67368,-117.911800895,0
441,normal,33.67368,-117.911772421,1
442,normal,33.67368,-117.911743947,0
443,normal,33.67368,-117.911715474,1
444,normal,33.67368,-117.911687,0
445,normal,33.67357,-117.913281526,1
446,normal,33.67357,-117.913253053,0
447,normal,33.67357,-117.913224579,1
448,normal,33.67357,-117.913196105,0
449,normal,33.67357,-117.913167632,1
450,normal,33.67357,-117.913139158,0
451,normal,33.67357,-117.913110684,1
452,normal,33.67357,-117.913082211,0
453,normal,33.67357,-117.913053737,1
454,normal,33.67357,-117.913025263,0
455,normal,33.67357,-117.912996789,1
456,normal,33.67357,-117.912968316,0
457,normal,33.67357,-117.912939842,1
458,normal,33.67357,-117.912911368,0
459,normal,33.67357,-117.912882895,1
460,normal,33.67357,-117.912854421,0
461,normal,33.67357,-117.912825947,1
462,normal,33.67357,-117.912797474,0
463,normal,33.67357,-117.912769,1
464,normal,33.67357,-117.912740526,0
465,normal,33.67357,-117.912712053,1
466,normal,33.67357,-117.912683579,0
467,normal,33.67357,-117.912655105,1
468,normal,33.67357,-117.912626632,0
469,normal,33.67357,-117.912598158,1
470,normal,33.67357,-117.912569684,0
471,normal,33.67357,-117.912541211,1
472,normal,33.67357,-117.912512737,0
473,normal,33.67357,-117.912484263,1
474,normal,33.67357,-117.912455789,0
475,normal,33.67357,-117.912427316,1
476,normal,33.67357,-117.912398842,0
477,normal,33.67357,-117.912370368,1
478,normal,33.67357,-117.912341895,0
479,normal,33.67357,-117.912313421,1
480,normal,33.67357,-117.912284947,0
481,normal,33.67357,-117.912256474,1
482,normal,33.67357,-117.912228,0
483,normal,33.67357,-117.912199526,1
484,normal,33.67357,-117.912171053,0
485,normal,33.67357,-117.912142579,1
486,normal,33.67357,-117.912114105,0
487,normal,33.67357,-117.912085632,1
488,normal,33.67357,-117.912057158,0
489,normal,33.67357,-117.912028684,1
490,normal,33.67357,-117.912000211,0
491,normal,33.67357,-117.911971737,1
492,normal,33.67357,-117.911943263,0
493,normal,33.67357,-117.911914789,1
494,normal,33.67357,-117.911886316,0
495,normal,33.67357,-117.911857842,1
496,normal,33.67357,-117.911829368,0
497,normal,33.67357,-117.911800895,1
498,normal,33.67357,-117.911772421,0
499,normal,33.67357,-117.911743947,1
500,normal,33.67357,-117.911715474,0
501,normal,33.67357,-117.911687,1
502,normal,33.67351,-117.913281526,0
503,normal,33.67351,-117.913253053,1
504,normal,33.67351,-117.913224579,0
505,normal,33.67351,-117.913196105,1
506,normal,33.67351,-117.913167632,0
507,normal,33.67351,-117.913139158,1
508,normal,33.67351,-117.913110684,0
509,normal,33.67351,-117.913082211,1
510,normal,33.67351,-117.913053737,0
511,normal,33.67351,-117.913025263,1
512,normal,33.67351,-117.912996789,0
513,normal,33.67351,-117.912968316,1
514,normal,33.67351,-117.912939842,0
515,normal,33.67351,-117.912911368,1
516,normal,33.67351,-117.912882895,0
517,normal,33.67351,-117.912854421,1
518,normal,33.67351,-117.912825947,0
519,normal,33.67351,-117.912797474,1
520,normal,33.67351,-117.912769,0
521,normal,33.67351,-117.912740526,1
522,normal,33.67351,-117.912712053,0
523,normal,33.67351,-117.912683579,1
524,normal,33.67351,-117.912655105,0
525,normal,33.67351,-117.912626632,1
526,normal,33.67351,-117.912598158,0
527,normal,33.67351,-117.912569684,1
528,normal,33.67351,-117.912541211,0
529,normal,33.67351,-117.912512737,1
530,normal,33.67351,-117.912484263,0
531,normal,33.67351,-117.912455789,1
532,normal,33.67351,-117.912427316,0
533,normal,33.67351,-117.912398842,1
534,normal,33.67351,-117.912370368,0
535,normal,33.67351,-117.912341895,1
536,normal,33.67351,-117.912313421,0
537,normal,33.67351,-117.912284947,1
538,normal,33.67351,-117.912256474,0
539,normal,33.67351,-117.912228,1
540,normal,33.67351,-117.912199526,0
541,normal,33.67351,-117.912171053,1
542,normal,33.67351,-117.912142579,0
543,normal,33.67351,-117.912114105,1
544,normal,33.67351,-117.912085632,0
545,normal,33.67351,-117.912057158,1
546,normal,33.67351,-117.912028684,0
547,normal,33.67351,-117.912000211,1
548,normal,33.67351,-117.911971737,0
549,normal,33.67351,-117.911943263,1
550,normal,33.67351,-117.911914789,0
551,normal,33.67351,-117.911886316,1
552,normal,33.67351,-117.911857842,0
553,normal,33.67351,-117.911829368,1
554,normal,33.67351,-117.911800895,0
555,normal,33.67351,-117.911772421,1
556,normal,33.67351,-117.911743947,0
557,normal,33.67351,-117.911715474,1
558,normal,33.67351,-117.911687,0
559,normal,33.6734,-117.913281526,1
560,normal,33.6734,-117.913253053,0
561,normal,33.6734,-117.913224579,1
562,normal,33.6734,-117.913196105,0
563,normal,33.6734,-117.913167632,1
564,normal,33.6734,-117.913139158,0
565,normal,33.6734,-117.913110684,1
566,normal,33.6734,-117.913082211,0
567,normal,33.6734,-117.913053737,1
568,normal,33.6734,-117.913025263,0
569,normal,33.6734,-117.912996789,1
570,normal,33.6734,-117.912968316,0
571,normal,33.6734,-117.912939842,1
572,normal,33.6734,-117.912911368,0
573,normal,33.6734,-117.912882895,1
574,normal,33.6734,-117.912854421,0
575,normal,33.6734,-117.912825947,1
576,normal,33.6734,-117.912797474,0
577,normal,33.6734,-117.912769,1
578,normal,33.6734,-117.912740526,0
579,normal,33.6734,-117.912712053,1
580,normal,33.6734,-117.912683579,0
581,normal,33.6734,-117.912655105,1
582,normal,33.6734,-117.912626632,0
583,normal,33.6734,-117.912598158,1
584,normal,33.6734,-117.912569684,0
585,normal,33.6734,-117.912541211,1
586,normal,33.6734,-117.912512737,0
587,normal,33.6734,-117.912484263,1
588,normal,33.6734,-117.912455789,0
589,normal,33.6734,-117.912427316,1
590,normal,33.6734,-117.912398842,0
591,normal,33.6734,-117.912370368,1
592,normal,33.6734,-117.912341895,0
593,normal,33.6734,-117.912313421,1
594,normal,33.6734,-117.912284947,0
595,normal,33.6734,-117.912256474,1
596,normal,33.6734,-117.912228,0
597,normal,33.6734,-117.912199526,1
598,normal,33.6734,-117.912171053,0
599,normal,33.6734,-117.912142579,1
600,normal,33.6734,-117.912114105,0
601,normal,33.6734,-117.912085632,1
602,normal,33.6734,-117.912057158,0
603,normal,33.6734,-117.912028684,1
604,normal,33.6734,-117.912000211,0
605,normal,33.6734,-117.911971737,1
606,normal,33.6734,-117.911943263,0
607,normal,33.6734,-117.911914789,1
608,normal,33.6734,-117.911886316,0
609,normal,33.6734,-117.911857842,1
610,normal,33.6734,-117.911829368,0
611,normal,33.6734,-117.911800895,1
612,normal,33.6734,-117.911772421,0
613,normal,33.6734,-117.911743947,1
614,normal,33.6734,-117.911715474,0
615,normal,33.6734,-117.911687,1
616,normal,33.67334,-117.913281526,0
617,normal,33.67334,-117.913253053,1
618,normal,33.67334,-117.913224579,0
619,normal,33.67334,-117.913196105,1
620,normal,33.67334,-117.913167632,0
621,normal,33.67334,-117.913139158,1
622,normal,33.67334,-117.913110684,0
623,normal,33.67334,-117.913082211,1
624,normal,33.67334,-117.913053737,0
625,normal,33.67334,-117.913025263,1
626,normal,33.67334,-117.912996789,0
627,normal,33.67334,-117.912968316,1
628,normal,33.67334,-117.912939842,0
629,normal,33.67334,-117.912911368,1
630,normal,33.67334,-117.912882895,0
631,normal,33.67334,-117.912854421,1
632,normal,33.67334,-117.912825947,0
633,normal,33.67334,-117.912797474,1
634,normal,33.67334,-117.912769,0
635,normal,33.67334,-117.912740526,1
636,normal,33.67334,-117.912712053,0
637,normal,33.67334,-117.912683579,1
638,normal,33.67334,-117.912655105,0
639,normal,33.67334,-117.912626632,1
640,normal,33.67334,-117.912598158,0
641,normal,33.67334,-117.912569684,1
642,normal,33.67334,-117.912541211,0
643,normal,33.67334,-117.912512737,1
644,normal,33.67334,-117.912484263,0
645,normal,33.67334,-117.912455789,1
646,normal,33.67334,-117.912427316,0
647,normal,33.67334,-117.912398842,1
648,normal,33.67334,-117.912370368,0
649,normal,33.67334,-117.912341895,1
650,normal,33.67334,-117.912313421,0
651,normal,33.67334,-117.912284947,1
652,normal,33.67334,-117.912256474,0
653,normal,33.67334,-117.912228,1
654,normal,33.67334,-117.912199526,0
655,normal,33.67334,-117.912171053,1
656,normal,33.67334,-117.912142579,0
657,normal,33.67334,-117.912114105,1
658,normal,33.67334,-117.912085632,0
659,normal,33.67334,-117.912057158,1
660,normal,33.67334,-117.912028684,0
661,normal,33.67334,-117.912000211,1
662,normal,33.67334,-117.911971737,0
663,normal,33.67334,-117.911943263,1
664,normal,33.67334,-117.911914789,0
665,normal,33.67334,-117.911886316,1
666,normal,33.67334,-117.911857842,0
667,normal,33.67334,-117.911829368,1
668,normal,33.67334,-117.911800895,0
669,normal,33.67334,-117.911772421,1
670,normal,33.67334,-117.911743947,0
671,normal,33.67334,-117.911715474,1
672,normal,33.67334,-117.911687,0
673,normal,33.67323,-117.913281526,1
674,normal,33.67323,-117.913253053,0
675,normal,33.67323,-117.913224579,1
676,normal,33.67323,-117.913196105,0
677,normal,33.67323,-117.913167632,1
678,normal,33.67323,-117.913139158,0
679,normal,33.67323,-117.913110684,1
680,normal,33.67323,-117.913082211,0
681,normal,33.67323,-117.913053737,1
682,normal,33.67323,-117.913025263,0
683,normal,33.67323,-117.912996789,1
684,normal,33.67323,-117.912968316,0
685,normal,33.67323,-117.912939842,1
686,normal,33.67323,-117.912911368,0
687,normal,33.67323,-117.912882895,1
688,normal,33.67323,-117.912854421,0
689,normal,33.67323,-117.912825947,1
690,normal,33.67323,-117.912797474,0
691,normal,33.67323,-117.912769,1
692,normal,33.67323,-117.912740526,0
693,normal,33.67323,-117.912712053,1
694,normal,33.67323,-117.912683579,0
695,normal,33.67323,-117.912655105,1
696,normal,33.67323,-117.912626632,0
697,normal,33.67323,-117.912598158,1
698,normal,33.67323,-117.912569684,0
699,normal,33.67323,-117.912541211,1
700,normal,33.67323,-117.912512737,0
701,normal,33.67323,-117.912484263,1
702,normal,33.67323,-117.912455789,0
703,normal,33.67323,-117.912427316,1
704,normal,33.67323,-117.912398842,0
705,normal,33.67323,-117.912370368,1
706,normal,33.67323,-117.912341895,0
707,normal,33.67323,-117.912313421,1
708,normal,33.67323,-117.912284947,0
709,normal,33.67323,-117.912256474,1
710,normal,33.67323,-117.912228,0
711,normal,33.67323,-117.912199526,1
712,normal,33.67323,-117.912171053,0
713,normal,33.67323,-117.912142579,1
714,normal,33.67323,-117.912114105,0
715,normal,33.67323,-117.912085632,1
716,normal,33.67323,-117.912057158,0
717,normal,33.67323,-117.912028684,1
718,normal,33.67323,-117.912000211,0
719,normal,33.67323,-117.911971737,1
720,normal,33.67323,-117.911943263,0
721,normal,33.67323,-117.911914789,1
722,normal,33.67323,-117.911886316,0
723,normal,33.67323,-117.911857842,1
724,normal,33.67323,-117.911829368,0
725,normal,33.67323,-117.911800895,1
726,normal,33.67323,-117.911772421,0
727,normal,33.67323,-117.911743947,1
728,normal,33.67323,-117.911715474,0
729,normal,33.67323,-117.911687,1
730,normal,33.67317,-117.913281526,0
731,normal,33.67317,-117.913253053,1
732,normal,33.67317,-117.913224579,0
733,normal,33.67317,-117.913196105,1
734,normal,33.67317,-117.913167632,0
735,normal,33.67317,-117.913139158,1
736,normal,33.67317,-117.913110684,0
737,normal,33.67317,-117.913082211,1
738,normal,33.67317,-117.913053737,0
739,normal,33.67317,-117.913025263,1
740,normal,33.67317,-117.912996789,0
741,normal,33.67317,-117.912968316,1
742,normal,33.67317,-117.912939842,0
743,normal,33.67317,-117.912911368,1
744,normal,33.67317,-117.912882895,0
745,normal,33.67317,-117.912854421,1
746,normal,33.67317,-117.912825947,0
747,normal,33.67317,-117.912797474,1
748,normal,33.67317,-117.912769,0
749,normal,33.67317,-117.912740526,1
750,normal,33.67317,-117.912712053,0
751,normal,33.67317,-117.912683579,1
752,normal,33.67317,-117.912655105,0
753,normal,33.67317,-117.912626632,1
754,normal,33.67317,-117.912598158,0
755,normal,33.67317,-117.912569684,1
756,normal,33.67317,-117.912541211,0
757,normal,33.67317,-117.912512737,1
758,normal,33.67317,-117.912484263,0
759,normal,33.67317,-117.912455789,1
760,normal,33.67317,-117.912427316,0
761,normal,33.67317,-117.912398842,1
762,normal,33.67317,-117.912370368,0
763,normal,33.67317,-117.912341895,1
764,normal,33.67317,-117.912313421,0
765,normal,33.67317,-117.912284947,1
766,normal,33.67317,-117.912256474,0
767,normal,33.67317,-117.912228,1
768,normal,33.67317,-117.912199526,0
769,normal,33.67317,-117.912171053,1
770,normal,33.67317,-117.912142579,0
771,normal,33.67317,-117.912114105,1
772,normal,33.67317,-117.912085632,0
773,normal,33.67317,-117.912057158,1
774,normal,33.67317,-117.912028684,0
775,normal,33.67317,-117.912000211,1
776,normal,33.67317,-117.911971737,0
777,normal,33.67317,-117.911943263,1
778,normal,33.67317,-117.911914789,0
779,normal,33.67317,-117.911886316,1
780,normal,33.67317,-117.911857842,0
781,normal,33.67317,-117.911829368,1
782,normal,33.67317,-117.911800895,0
783,normal,33.67317,-117.911772421,1
784,normal,33.67317,-117.911743947,0
785,normal,33.67317,-117.911715474,1
786,normal,33.67317,-117.911687,0
787,normal,33.67306,-117.913281526,1
788,normal,33.67306,-117.913253053,0
789,normal,33.67306,-117.913224579,1
790,normal,33.67306,-117.913196105,0
791,normal,33.67306,-117.913167632,1
792,normal,33.67306,-117.913139158,0
793,normal,33.67306,-117.913110684,1
794,normal,33.67306,-117.913082211,0
795,normal,33.67306,-117.913053737,1
796,normal,33.67306,-117.913025263,0
797,normal,33.67306,-117.912996789,1
798,normal,33.67306,-117.912968316,0
799,normal,33.67306,-117.912939842,1
800,normal,33.67306,-117.912911368,0
801,normal,33.67306,-117.912882895,1
802,normal,33.67306,-117.912854421,0
803,normal,33.67306,-117.912825947,1
804,normal,33.67306,-117.912797474,0
805,normal,33.67306,-117.912769,1
806,normal,33.67306,-117.912740526,0
807,normal,33.67306,-117.912712053,1
808,normal,33.67306,-117.912683579,0
809,normal,33.67306,-117.912655105,1
810,normal,33.67306,-117.912626632,0
811,normal,33.67306,-117.912598158,1
812,normal,33.67306,-117.912569684,0
813,normal,33.67306,-117.912541211,1
814,normal,33.67306,-117.912512737,0
815,normal,33.67306,-117.912484263,1
816,normal,33.67306,-117.912455789,0
817,normal,33.67306,-117.912427316,1
818,normal,33.67306,-117.912398842,0
819,normal,33.67306,-117.912370368,1
820,normal,33.67306,-117.912341895,0
821,normal,33.67306,-117.912313421,1
822,normal,33.67306,-117.912284947,0
823,normal,33.67306,-117.912256474,1
824,normal,33.67306,-117.912228,0
825,normal,33.67306,-117.912199526,1
826,normal,33.67306,-117.912171053,0
827,normal,33.67306,-117.912142579,1
828,normal,33.67306,-117.912114105,0
829,normal,33.67306,-117.912085632,1
830,normal,33.67306,-117.912057158,0
831,normal,33.67306,-117.912028684,1
832,normal,33.67306,-117.912000211,0
833,normal,33.67306,-117.911971737,1
834,normal,33.67306,-117.911943263,0
835,normal,33.67306,-117.911914789,1
836,normal,33.67306,-117.911886316,0
837,normal,33.67306,-117.911857842,1
838,normal,33.67306,-117.911829368,0
839,normal,33.67306,-117.911800895,1
840,normal,33.67306,-117.911772421,0
841,normal,33.67306,-117.911743947,1
842,normal,33.67306,-117.911715474,0
843,normal,33.67306,-117.911687,1
844,normal,33.673,-117.913281526,0
845,normal,33.673,-117.913253053,1
846,normal,33.673,-117.913224579,0
847,normal,33.673,-117.913196105,1
848,normal,33.673,-117.913167632,0
849,normal,33.673,-117.913139158,1
850,normal,33.673,-117.913110684,0
851,normal,33.673,-117.913082211,1
852,normal,33.673,-117.913053737,0
853,normal,33.673,-117.913025263,1
854,normal,33.673,-117.912996789,0
855,normal,33.673,-117.912968316,1
856,normal,33.673,-117.912939842,0
857,normal,33.673,-117.912911368,1
858,normal,33.673,-117.912882895,0
859,normal,33.673,-117.912854421,1
860,normal,33.673,-117.912825947,0
861,normal,33.673,-117.912797474,1
862,normal,33.673,-117.912769,0
863,normal,33.673,-117.912740526,1
864,normal,33.673,-117.912712053,0
865,normal,33.673,-117.912683579,1
866,normal,33.673,-117.912655105,0
867,normal,33.673,-117.912626632,1
868,normal,33.673,-117.912598158,0
869,normal,33.673,-117.912569684,1
870,normal,33.673,-117.912541211,0
871,normal,33.673,-117.912512737,1
872,normal,33.673,-117.912484263,0
873,normal,33.673,-117.912455789,1
874,normal,33.673,-117.912427316,0
875,normal,33.673,-117.912398842,1
876,normal,33.673,-117.912370368,0
877,normal,33.673,-117.912341895,1
878,normal,33.673,-117.912313421,0
879,normal,33.673,-117.912284947,1
880,normal,33.673,-117.912256474,0
881,normal,33.673,-117.912228,1
882,normal,33.673,-117.912199526,0
883,normal,33.673,-117.912171053,1
884,normal,33.673,-117.912142579,0
885,normal,33.673,-117.912114105,1
886,normal,33.673,-117.912085632,0
887,normal,33.673,-117.912057158,1
888,normal,33.673,-117.912028684,0
889,normal,33.673,-117.912000211,1
890,normal,33.673,-117.911971737,0
891,normal,33.673,-117.911943263,1
892,normal,33.673,-117.911914789,0
893,normal,33.673,-117.911886316,1
894,normal,33.673,-117.911857842,0
895,normal,33.673,-117.911829368,1
896,normal,33.673,-117.911800895,0
897,normal,33.673,-117.911772421,1
898,normal,33.673,-117.911743947,0
899,normal,33.673,-117.911715474,1
900,normal,33.673,-117.911687,0
901,normal,33.67289,-117.913281526,1
902,normal,33.67289,-117.913253053,0
903,normal,33.67289,-117.913224579,1
904,normal,33.67289,-117.913196105,0
905,normal,33.67289,-117.913167632,1
906,normal,33.67289,-117.913139158,0
907,normal,33.67289,-117.913110684,1
908,normal,33.67289,-117.913082211,0
909,normal,33.67289,-117.913053737,1
910,normal,33.67289,-117.913025263,0
911,normal,33.67289,-117.912996789,1
912,normal,33.67289,-117.912968316,0
913,normal,33.67289,-117.912939842,1
914,normal,33.67289,-117.912911368,0
915,normal,33.67289,-117.912882895,1
916,normal,33.67289,-117.912854421,0
917,normal,33.67289,-117.912825947,1
918,normal,33.67289,-117.912797474,0
919,normal,33.67289,-117.912769,1
920,normal,33.67289,-117.912740526,0
921,normal,33.67289,-117.912712053,1
922,normal,33.67289,-117.912683579,0
923,normal,33.67289,-117.912655105,1
924,normal,33.67289,-117.912626632,0
925,normal,33.67289,-117.912598158,1
926,normal,33.67289,-117.912569684,0
927,normal,33.67289,-117.912541211,1
928,normal,33.67289,-117.912512737,0
929,normal,33.67289,-117.912484263,1
930,normal,33.67289,-117.912455789,0
931,normal,33.67289,-117.912427316,1
932,normal,33.67289,-117.912398842,0
933,normal,33.67289,-117.912370368,1
934,normal,33.67289,-117.912341895,0
935,normal,33.67289,-117.912313421,1
936,normal,33.67289,-117.912284947,0
937,normal,33.67289,-117.912256474,1
938,normal,33.67289,-117.912228,0
939,normal,33.67289,-117.912199526,1
940,normal,33.67289,-117.912171053,0
941,normal,33.67289,-117.912142579,1
942,normal,33.67289,-117.912114105,0
943,normal,33.67289,-117.912085632,1
944,normal,33.67289,-117.912057158,0
945,normal,33.67289,-117.912028684,1
946,normal,33.67289,-117.912000211,0
947,normal,33.67289,-117.911971737,1
948,normal,33.67289,-117.911943263,0
949,normal,33.67289,-117.911914789,1
950,normal,33.67289,-117.911886316,0
951,normal,33.67289,-117.911857842,1
952,normal,33.67289,-117.911829368,0
953,normal,33.67289,-117.911800895,1
954,normal,33.67289,-117.911772421,0
955,normal,33.67289,-117.911743947,1
956,normal,33.67289,-117.911715474,0
957,normal,33.67289,-117.911687,1
958,normal,33.67283,-117.913281526,0
959,normal,33.67283,-117.913253053,1
960,normal,33.67283,-117.913224579,0
961,normal,33.67283,-117.913196105,1
962,normal,33.67283,-117.913167632,0
963,normal,33.67283,-117.913139158,1
964,normal,33.67283,-117.913110684,0
965,normal,33.67283,-117.913082211,1
966,normal,33.67283,-117.913053737,0
967,normal,33.67283,-117.913025263,1
968,normal,33.67283,-117.912996789,0
969,normal,33.67283,-117.912968316,1
970,normal,33.67283,-117.912939842,0
971,normal,33.67283,-117.912911368,1
972,normal,33.67283,-117.912882895,0
973,normal,33.67283,-117.912854421,1
974,normal,33.67283,-117.912825947,0
975,normal,33.67283,-117.912797474,1
976,normal,33.67283,-117.912769,0
977,normal,33.67283,-117.912740526,1
978,normal,33.67283,-117.912712053,0
979,normal,33.67283,-117.912683579,1
980,normal,33.67283,-117.912655105,0
981,normal,33.67283,-117.912626632,1
982,normal,33.67283,-117.912598158,0
983,normal,33.67283,-117.912569684,1
984,normal,33.67283,-117.912541211,0
985,normal,33.67283,-117.912512737,1
986,normal,33.67283,-117.912484263,0
987,normal,33.67283,-117.912455789,1
988,normal,33.67283,-117.912427316,0
989,normal,33.67283,-117.912398842,1
990,normal,33.67283,-117.912370368,0
991,normal,33.67283,-117.912341895,1
992,normal,33.67283,-117.912313421,0
993,normal,33.67283,-117.912284947,1
994,normal,33.67283,-117.912256474,0
995,normal,33.67283,-117.912228,1
996,normal,33.67283,-117.912199526,0
997,normal,33.67283,-117.912171053,1
998,normal,33.67283,-117.912142579,0
999,normal,33.67283,-117.912114105,1
1000,normal,33.67283,-117.912085632,0
1001,normal,33.67283,-117.912057158,1
1002,normal,33.67283,-117.912028684,0
1003,normal,33.67283,-117.912000211,1
1004,normal,33.67283,-117.911971737,0
1005,normal,33.67283,-117.911943263,1
1006,normal,33.67283,-117.911914789,0
1007,normal,33.67283,-117.911886316,1
1008,normal,33.67283,-117.911857842,0
1009,normal,33.67283,-117.911829368,1
1010,normal,33.67283,-117.911800895,0
1011,normal,33.67283,-117.911772421,1
1012,normal,33.67283,-117.911743947,0
1013,normal,33.67283,-117.911715474,1
1014,normal,33.67283,-117.911687,0
1015,normal,33.67272,-117.913281526,1
1016,normal,33.67272,-117.913253053,0
1017,normal,33.67272,-117.913224579,1
1018,normal,33.67272,-117.913196105,0
1019,normal,33.67272,-117.913167632,1
1020,normal,33.67272,-117.913139158,0
1021,normal,33.67272,-117.913110684,1
1022,normal,33.67272,-117.913082211,0
1023,normal,33.67272,-117.913053737,1
1024,normal,33.67272,-117.913025263,0
1025,normal,33.67272,-117.912996789,1
1026,normal,33.67272,-117.912968316,0
1027,normal,33.67272,-117.912939842,1
1028,normal,33.67272,-117.912911368,0
1029,normal,33.67272,-117.912882895,1
1030,normal,33.67272,-117.912854421,0
1031,normal,33.67272,-117.912825947,1
1032,normal,33.67272,-117.912797474,0
1033,normal,33.67272,-117.912769,1
1034,normal,33.67272,-117.912740526,0
1035,normal,33.67272,-117.912712053,1
1036,normal,33.67272,-117.912683579,0
1037,normal,33.67272,-117.912655105,1
1038,normal,33.67272,-117.912626632,0
1039,normal,33.67272,-117.912598158,1
1040,normal,33.67272,-117.912569684,0
1041,normal,33.67272,-117.912541211,1
1042,normal,33.67272,-117.912512737,0
1043,normal,33.67272,-117.912484263,1
1044,normal,33.67272,-117.912455789,0
1045,normal,33.67272,-117.912427316,1
1046,normal,33.67272,-117.912398842,0
1047,normal,33.67272,-117.912370368,1
1048,normal,33.67272,-117.912341895,0
1049,normal,33.67272,-117.912313421,1
1050,normal,33.67272,-117.912284947,0
1051,normal,33.67272,-117.912256474,1
1052,normal,33.67272,-117.912228,0
1053,normal,33.67272,-117.912199526,1
1054,normal,33.67272,-117.912171053,0
1055,normal,33.67272,-117.912142579,1
1056,normal,33.67272,-117.912114105,0
1057,normal,33.67272,-117.912085632,1
1058,normal,33.67272,-117.912057158,0
1059,normal,33.67272,-117.912028684,1
1060,normal,33.67272,-117.912000211,0
1061,normal,33.67272,-117.911971737,1
1062,normal,33.67272,-117.911943263,0
1063,normal,33.67272,-117.911914789,1
1064,normal,33.67272,-117.911886316,0
1065,normal,33.67272,-117.911857842,1
1066,normal,33.67272,-117.911829368,0
1067,normal,33.67272,-117.911800895,1
1068,normal,33.67272,-117.911772421,0
1069,normal,33.67272,-117.911743947,1
1070,normal,33.67272,-117.911715474,0
1071,normal,33.67272,-117.911687,1
1072,normal,33.67266,-117.913281526,0
1073,normal,33.67266,-117.913253053,1
1074,normal,33.67266,-117.913224579,0
1075,normal,33.67266,-117.913196105,1
1076,normal,33.67266,-117.913167632,0
1077,normal,33.67266,-117.913139158,1
1078,normal,33.67266,-117.913110684,0
1079,normal,33.67266,-117.913082211,1
1080,normal,33.67266,-117.913053737,0
1081,normal,33.67266,-117.913025263,1
1082,normal,33.67266,-117.912996789,0
1083,normal,33.67266,-117.912968316,1
1084,normal,33.67266,-117.912939842,0
1085,normal,33.67266,-117.912911368,1
1086,normal,33.67266,-117.912882895,0
1087,normal,33.67266,-117.912854421,1
1088,normal,33.67266,-117.912825947,0
1089,normal,33.67266,-117.912797474,1
1090,normal,33.67266,-117.912769,0
1091,normal,33.67266,-117.912740526,1
1092,normal,33.67266,-117.912712053,0
1093,normal,33.67266,-117.912683579,1
1094,normal,33.67266,-117.912655105,0
1095,normal,33.67266,-117.912626632,1
1096,normal,33.67266,-117.912598158,0
1097,normal,33.67266,-117.912569684,1
1098,normal,33.67266,-117.912541211,0
1099,normal,33.67266,-117.912512737,1
1100,normal,33.67266,-117.912484263,0
1101,normal,33.67266,-117.912455789,1
1102,normal,33.67266,-117.912427316,0
1103,normal,33.67266,-117.912398842,1
1104,normal,33.67266,-117.912370368,0
1105,normal,33.67266,-117.912341895,1
1106,normal,33.67266,-117.912313421,0
1107,normal,33.67266,-117.912284947,1
1108,normal,33.67266,-117.912256474,0
1109,normal,33.67266,-117.912228,1
1110,normal,33.67266,-117.912199526,0
1111,normal,33.67266,-117.912171053,1
1112,normal,33.67266,-117.912142579,0
1113,normal,33.67266,-117.912114105,1
1114,normal,33.67266,-117.912085632,0
1115,normal,33.67266,-117.912057158,1
1116,normal,33.67266,-117.912028684,0
1117,normal,33.67266,-117.912000211,1
1118,normal,33.67266,-117.911971737,0
1119,normal,33.67266,-117.911943263,1
1120,normal,33.67266,-117.911914789,0
1121,normal,33.67266,-117.911886316,1
1122,normal,33.67266,-117.911857842,0
1123,normal,33.67266,-117.911829368,1
1124,normal,33.67266,-117.911800895,0
1125,normal,33.67266,-117.911772421,1
1126,normal,33.67266,-117.911743947,0
1127,normal,33.67266,-117.911715474,1
1128,normal,33.67266,-117.911687,0
1129,normal,33.67255,-117.913281526,1
1130,normal,33.67255,-117.913253053,0
1131,normal,33.67255,-117.913224579,1
1132,normal,33.67255,-117.913196105,0
1133,normal,33.67255,-117.913167632,1
1134,normal,33.67255,-117.913139158,0
1135,normal,33.67255,-117.913110684,1
1136,normal,33.67255,-117.913082211,0
1137,normal,33.67255,-117.913053737,1
1138,normal,33.67255,-117.913025263,0
1139,normal,33.67255,-117.912996789,1
1140,normal,33.67255,-117.912968316,0
1141,normal,33.67255,-117.912939842,1
1142,normal,33.67255,-117.912911368,0
1143,normal,33.67255,-117.912882895,1
1144,normal,33.67255,-117.912854421,0
1145,normal,33.67255,-117.912825947,1
1146,normal,33.67255,-117.912797474,0
1147,normal,33.67255,-117.912769,1
1148,normal,33.67255,-117.912740526,0
1149,normal,33.67255,-117.912712053,1
1150,normal,33.67255,-117.912683579,0
1151,normal,33.67255,-117.912655105,1
1152,normal,33.67255,-117.912626632,0
1153,normal,33.67255,-117.912598158,1
1154,normal,33.67255,-117.912569684,0
1155,normal,33.67255,-117.912541211,1
1156,normal,33.67255,-117.912512737,0
1157,normal,33.67255,-117.912484263,1
1158,normal,33.67255,-117.912455789,0
1159,normal,33.67255,-117.912427316,1
1160,normal,33.67255,-117.912398842,0
1161,normal,33.67255,-117.912370368,1
1162,normal,33.67255,-117.912341895,0
1163,normal,33.67255,-117.912313421,1
1164,normal,33.67255,-117.912284947,0
1165,normal,33.67255,-117.912256474,1
1166,normal,33.67255,-117.912228,0
1167,normal,33.67255,-117.912199526,1
1168,normal,33.67255,-117.912171053,0
1169,normal,33.67255,-117.912142579,1
1170,normal,33.67255,-117.912114105,0
1171,normal,33.67255,-117.912085632,1
1172,normal,33.67255,-117.912057158,0
1173,normal,33.67255,-117.912028684,1
1174,normal,33.67255,-117.912000211,0
1175,normal,33.67255,-117.911971737,1
1176,normal,33.67255,-117.911943263,0
1177,normal,33.67255,-117.911914789,1
1178,normal,33.67255,-117.911886316,0
1179,normal,33.67255,-117.911857842,1
1180,normal,33.67255,-117.911829368,0
1181,normal,33.67255,-117.911800895,1
1182,normal,33.67255,-117.911772421,0
1183,normal,33.67255,-117.911743947,1
1184,normal,33.67255,-117.911715474,0
1185,normal,33.67255,-117.911687,1
1186,normal,33.67249,-117.913281526,0
1187,normal,33.67249,-117.913253053,1
1188,normal,33.67249,-117.913224579,0
1189,normal,33.67249,-117.913196105,1
1190,normal,33.67249,-117.913167632,0
1191,normal,33.67249,-117.913139158,1
1192,normal,33.67249,-117.913110684,0
1193,normal,33.67249,-117.913082211,1
1194,normal,33.67249,-117.913053737,0
1195,normal,33.67249,-117.913025263,1
1196,normal,33.67249,-117.912996789,0
1197,normal,33.67249,-117.912968316,1
1198,normal,33.67249,-117.912939842,0
1199,normal,33.67249,-117.912911368,1
1200,normal,33.67249,-117.912882895,0
1201,normal,33.67249,-117.912854421,1
1202,normal,33.67249,-117.912825947,0
1203,normal,33.67249,-117.912797474,1
1204,normal,33.67249,-117.912769,0
1205,normal,33.67249,-117.912740526,1
1206,normal,33.67249,-117.912712053,0
1207,normal,33.67249,-117.912683579,1
1208,normal,33.67249,-117.912655105,0
1209,normal,33.67249,-117.912626632,1
1210,normal,33.67249,-117.912598158,0
1211,normal,33.67249,-117.912569684,1
1212,normal,33.67249,-117.912541211,0
1213,normal,33.67249,-117.912512737,1
1214,normal,33.67249,-117.912484263,0
1215,normal,33.67249,-117.912455789,1
1216,normal,33.67249,-117.912427316,0
1217,normal,33.67249,-117.912398842,1
1218,normal,33.67249,-117.912370368,0
1219,normal,33.67249,-117.912341895,1
1220,normal,33.67249,-117.912313421,0
1221,normal,33.67249,-117.912284947,1
1222,normal,33.67249,-117.912256474,0
1223,normal,33.67249,-117.912228,1
1224,normal,33.67249,-117.912199526,0
1225,normal,33.67249,-117.912171053,1
1226,normal,33.67249,-117.912142579,0
1227,normal,33.67249,-117.912114105,1
1228,normal,33.67249,-117.912085632,0
1229,normal,33.67249,-117.912057158,1
1230,normal,33.67249,-117.912028684,0
1231,normal,33.67249,-117.912000211,1
1232,normal,33.67249,-117.911971737,0
1233,normal,33.67249,-117.911943263,1
1234,normal,33.67249,-117.911914789,0
1235,normal,33.67249,-117.911886316,1
1236,normal,33.67249,-117.911857842,0
1237,normal,33.67249,-117.911829368,1
1238,normal,33.67249,-117.911800895,0
1239,normal,33.67249,-117.911772421,1
1240,normal,33.67249,-117.911743947,0
1241,normal,33.67249,-117.911715474,1
1242,normal,33.67249,-117.911687,0
1243,normal,33.67238,-117.913281526,1
1244,normal,33.67238,-117.913253053,0
1245,normal,33.67238,-117.913224579,1
1246,normal,33.67238,-117.913196105,0
1247,normal,33.67238,-117.913167632,1
1248,normal,33.67238,-117.913139158,0
1249,normal,33.67238,-117.913110684,1
1250,normal,33.67238,-117.913082211,0
1251,normal,33.67238,-117.913053737,1
1252,normal,33.67238,-117.913025263,0
1253,normal,33.67238,-117.912996789,1
1254,normal,33.67238,-117.912968316,0
1255,normal,33.67238,-117.912939842,1
1256,normal,33.67238,-117.912911368,0
1257,normal,33.67238,-117.912882895,1
1258,normal,33.67238,-117.912854421,0
1259,normal,33.67238,-117.912825947,1
1260,normal,33.67238,-117.912797474,0
1261,normal,33.67238,-117.912769,1
1262,normal,33.67238,-117.912740526,0
1263,normal,33.67238,-117.912712053,1
1264,normal,33.67238,-117.912683579,0
1265,normal,33.67238,-117.912655105,1
1266,normal,33.67238,-117.912626632,0
1267,normal,33.67238,-117.912598158,1
1268,normal,33.67238,-117.912569684,0
1269,normal,33.67238,-117.912541211,1
1270,normal,33.67238,-117.912512737,0
1271,normal,33.67238,-117.912484263,1
1272,normal,33.67238,-117.912455789,0
1273,normal,33.67238,-117.912427316,1
1274,normal,33.67238,-117.912398842,0
1275,normal,33.67238,-117.912370368,1
1276,normal,33.67238,-117.912341895,0
1277,normal,33.67238,-117.912313421,1
1278,normal,33.67238,-117.912284947,0
1279,normal,33.67238,-117.912256474,1
1280,normal,33.67238,-117.912228,0
1281,normal,33.67238,-117.912199526,1
1282,normal,33.67238,-117.912171053,0
1283,normal,33.67238,-117.912142579,1
1284,normal,33.67238,-117.912114105,0
1285,normal,33.67238,-117.912085632,1
1286,normal,33.67238,-117.912057158,0
1287,normal,33.67238,-117.912028684,1
1288,normal,33.67238,-117.912000211,0
1289,normal,33.67238,-117.911971737,1
1290,normal,33.67238,-117.911943263,0
1291,normal,33.67238,-117.911914789,1
1292,normal,33.67238,-117.911886316,0
1293,normal,33.67238,-117.911857842,1
1294,normal,33.67238,-117.911829368,0
1295,normal,33.67238,-117.911800895,1
1296,normal,33.67238,-117.911772421,0
1297,normal,33.67238,-117.911743947,1
1298,normal,33.67238,-117.911715474,0
1299,normal,33.67238,-117.911687,1
1300,normal,33.67232,-117.913281526,0
1301,normal,33.67232,-117.913253053,1
1302,normal,33.67232,-117.913224579,0
1303,normal,33.67232,-117.913196105,1
1304,normal,33.67232,-117.913167632,0
1305,normal,33.67232,-117.913139158,1
1306,normal,33.67232,-117.913110684,0
1307,normal,33.67232,-117.913082211,1
1308,normal,33.67232,-117.913053737,0
1309,normal,33.67232,-117.913025263,1
1310,normal,33.67232,-117.912996789,0
1311,normal,33.67232,-117.912968316,1
1312,normal,33.67232,-117.912939842,0
1313,normal,33.67232,-117.912911368,1
1314,normal,33.67232,-117.912882895,0
1315,normal,33.67232,-117.912854421,1
1316,normal,33.67232,-117.912825947,0
1317,normal,33.67232,-117.912797474,1
1318,normal,33.67232,-117.912769,0
1319,normal,33.67232,-117.912740526,1
1320,normal,33.67232,-117.912712053,0
1321,normal,33.67232,-117.912683579,1
1322,normal,33.67232,-117.912655105,0
1323,normal,33.67232,-117.912626632,1
1324,normal,33.67232,-117.912598158,0
1325,normal,33.67232,-117.912569684,1
1326,normal,33.67232,-117.912541211,0
1327,normal,33.67232,-117.912512737,1
1328,normal,33.67232,-117.912484263,0
1329,normal,33.67232,-117.912455789,1
1330,normal,33.67232,-117.912427316,0
1331,normal,33.67232,-117.912398842,1
1332,normal,33.67232,-117.912370368,0
1333,normal,33.67232,-117.912341895,1
1334,normal,33.67232,-117.912313421,0
1335,normal,33.67232,-117.912284947,1
1336,normal,33.67232,-117.912256474,0
1337,normal,33.67232,-117.912228,1
1338,normal,33.67232,-117.912199526,0
1339,normal,33.67232,-117.912171053,1
1340,normal,33.67232,-117.912142579,0
1341,normal,33.67232,-117.912114105,1
1342,normal,33.67232,-117.912085632,0
1343,normal,33.67232,-117.912057158,1
1344,normal,33.67232,-117.912028684,0
1345,normal,33.67232,-117.912000211,1
1346,normal,33.67232,-117.911971737,0
1347,normal,33.67232,-117.911943263,1
1348,normal,33.67232,-117.911914789,0
1349,normal,33.67232,-117.911886316,1
1350,normal,33.67232,-117.911857842,0
1351,normal,33.67232,-117.911829368,1
1352,normal,33.67232,-117.911800895,0
1353,normal,33.67232,-117.911772421,1
1354,normal,33.67232,-117.911743947,0
1355,normal,33.67232,-117.911715474,1
1356,normal,33.67232,-117.911687,0
1357,normal,33.67221,-117.913281526,1
1358,normal,33.67221,-117.913253053,0
1359,normal,33.67221,-117.913224579,1
1360,normal,33.67221,-117.913196105,0
1361,normal,33.67221,-117.913167632,1
1362,normal,33.67221,-117.913139158,0
1363,normal,33.67221,-117.913110684,1
1364,normal,33.67221,-117.913082211,0
1365,normal,33.67221,-117.913053737,1
1366,normal,33.67221,-117.913025263,0
1367,normal,33.67221,-117.912996789,1
1368,normal,33.67221,-117.912968316,0
1369,normal,33.67221,-117.912939842,1
1370,normal,33.67221,-117.912911368,0
1371,normal,33.67221,-117.912882895,1
1372,normal,33.67221,-117.912854421,0
1373,normal,33.67221,-117.912825947,1
1374,normal,33.67221,-117.912797474,0
1375,normal,33.67221,-117.912769,1
1376,normal,33.67221,-117.912740526,0
1377,normal,33.67221,-117.912712053,1
1378,normal,33.67221,-117.912683579,0
1379,normal,33.67221,-117.912655105,1
1380,normal,33.67221,-117.912626632,0
1381,normal,33.67221,-117.912598158,1
1382,normal,33.67221,-117.912569684,0
1383,normal,33.67221,-117.912541211,1
1384,normal,33.67221,-117.912512737,0
1385,normal,33.67221,-117.912484263,1
1386,normal,33.67221,-117.912455789,0
1387,normal,33.67221,-117.912427316,1
1388,normal,33.67221,-117.912398842,0
1389,normal,33.67221,-117.912370368,1
1390,normal,33.67221,-117.912341895,0
1391,normal,33.67221,-117.912313421,1
1392,normal,33.67221,-117.912284947,0
1393,normal,33.67221,-117.912256474,1
1394,normal,33.67221,-117.912228,0
1395,normal,33.67221,-117.912199526,1
1396,normal,33.67221,-117.912171053,0
1397,normal,33.67221,-117.912142579,1
1398,normal,33.67221,-117.912114105,0
1399,normal,33.67221,-117.912085632,1
1400,normal,33.67221,-117.912057158,0
1401,normal,33.67221,-117.912028684,1
1402,normal,33.67221,-117.912000211,0
1403,normal,33.67221,-117.911971737,1
1404,normal,33.67221,-117.911943263,0
1405,normal,33.67221,-117.911914789,1
1406,normal,33.67221,-117.911886316,0
1407,normal,33.67221,-117.911857842,1
1408,normal,33.67221,-117.911829368,0
1409,normal,33.67221,-117.911800895,1
1410,normal,33.67221,-117.911772421,0
1411,normal,33.67221,-117.911743947,1
1412,normal,33.67221,-117.911715474,0
1413,normal,33.67221,-117.911687,1
1414,normal,33.67215,-117.913281526,0
1415,normal,33.67215,-117.913253053,1
1416,normal,33.67215,-117.913224579,0
1417,normal,33.67215,-117.913196105,1
1418,normal,33.67215,-117.913167632,0
1419,normal,33.67215,-117.913139158,1
1420,normal,33.67215,-117.913110684,0
1421,normal,33.67215,-117.913082211,1
1422,normal,33.67215,-117.913053737,0
1423,normal,33.67215,-117.913025263,1
1424,normal,33.67215,-117.912996789,0
1425,normal,33.67215,-117.912968316,1
1426,normal,33.67215,-117.912939842,0
1427,normal,33.67215,-117.912911368,1
1428,normal,33.67215,-117.912882895,0
1429,normal,33.67215,-117.912854421,1
1430,normal,33.67215,-117.912825947,0
1431,normal,33.67215,-117.912797474,1
1432,normal,33.67215,-117.912769,0
1433,normal,33.67215,-117.912740526,1
1434,normal,33.67215,-117.912712053,0
1435,normal,33.67215,-117.912683579,1
1436,normal,33.67215,-117.912655105,0
1437,normal,33.67215,-117.912626632,1
1438,normal,33.67215,-117.912598158,0
1439,normal,33.67215,-117.912569684,1
1440,normal,33.67215,-117.912541211,0
1441,normal,33.67215,-117.912512737,1
1442,normal,33.67215,-117.912484263,0
1443,normal,33.67215,-117.912455789,1
1444,normal,33.67215,-117.912427316,0
1445,normal,33.67215,-117.912398842,1
1446,normal,33.67215,-117.912370368,0
1447,normal,33.67215,-117.912341895,1
1448,normal,33.67215,-117.912313421,0
1449,normal,33.67215,-117.912284947,1
1450,normal,33.67215,-117.912256474,0
1451,normal,33.67215,-117.912228,1
1452,normal,33.67215,-117.912199526,0
1453,normal,33.67215,-117.912171053,1
1454,normal,33.67215,-117.912142579,0
1455,normal,33.67215,-117.912114105,1
1456,normal,33.67215,-117.912085632,0
1457,normal,33.67215,-117.912057158,1
1458,normal,33.67215,-117.912028684,0
1459,normal,33.67215,-117.912000211,1
1460,normal,33.67215,-117.911971737,0
1461,normal,33.67215,-117.911943263,1
1462,normal,33.67215,-117.911914789,0
1463,normal,33.67215,-117.911886316,1
1464,normal,33.67215,-117.911857842,0
1465,normal,33.67215,-117.911829368,1
1466,normal,33.67215,-117.911800895,0
1467,normal,33.67215,-117.911772421,1
1468,normal,33.67215,-117.911743947,0
1469,normal,33.67215,-117.911715474,1
1470,normal,33.67215,-117.911687,0
1471,normal,33.67204,-117.913281526,1
1472,normal,33.67204,-117.913253053,0
1473,normal,33.67204,-117.913224579,1
1474,normal,33.67204,-117.913196105,0
1475,normal,33.67204,-117.913167632,1
1476,normal,33.67204,-117.913139158,0
1477,normal,33.67204,-117.913110684,1
1478,normal,33.67204,-117.913082211,0
1479,normal,33.67204,-117.913053737,1
1480,normal,33.67204,-117.913025263,0
1481,normal,33.67204,-117.912996789,1
1482,normal,33.67204,-117.912968316,0
1483,normal,33.67204,-117.912939842,1
1484,normal,33.67204,-117.912911368,0
1485,normal,33.67204,-117.912882895,1
1486,normal,33.67204,-117.912854421,0
1487,normal,33.67204,-117.912825947,1
1488,normal,33.67204,-117.912797474,0
1489,normal,33.67204,-117.912769,1
1490,normal,33.67204,-117.912740526,0
1491,normal,33.67204,-117.912712053,1
1492,normal,33.67204,-117.912683579,0
1493,normal,33.67204,-117.912655105,1
1494,normal,33.67204,-117.912626632,0
1495,normal,33.67204,-117.912598158,1
1496,normal,33.67204,-117.912569684,0
1497,normal,33.67204,-117.912541211,1
1498,normal,33.67204,-117.912512737,0
1499,normal,33.67204,-117.912484263,1
1500,normal,33.67204,-117.912455789,0
1501,normal,33.67204,-117.912427316,1
1502,normal,33.67204,-117.912398842,0
1503,normal,33.67204,-117.912370368,1
1504,normal,33.67204,-117.912341895,0
1505,normal,33.67204,-117.912313421,1
1506,normal,33.67204,-117.912284947,0
1507,normal,33.67204,-117.912256474,1
1508,normal,33.67204,-117.912228,0
1509,normal,33.67204,-117.912199526,1
1510,normal,33.67204,-117.912171053,0
1511,normal,33.67204,-117.912142579,1
1512,normal,33.67204,-117.912114105,0
1513,normal,33.67204,-117.912085632,1
1514,normal,33.67204,-117.912057158,0
1515,normal,33.67204,-117.912028684,1
1516,normal,33.67204,-117.912000211,0
1517,normal,33.67204,-117.911971737,1
1518,normal,33.67204,-117.911943263,0
1519,normal,33.67204,-117.911914789,1
1520,normal,33.67204,-117.911886316,0
1521,normal,33.67204,-117.911857842,1
1522,normal,33.67204,-117.911829368,0
1523,normal,33.67204,-117.911800895,1
1524,normal,33.67204,-117.911772421,0
1525,normal,33.67204,-117.911743947,1
1526,normal,33.67204,-117.911715474,0
1527,normal,33.67204,-117.911687,1
1528,normal,33.67198,-117.913281526,0
1529,normal,33.67198,-117.913253053,1
1530,normal,33.67198,-117.913224579,0
1531,normal,33.67198,-117.913196105,1
1532,normal,33.67198,-117.913167632,0
1533,normal,33.67198,-117.913139158,1
1534,normal,33.67198,-117.913110684,0
1535,normal,33.67198,-117.913082211,1
1536,normal,33.67198,-117.913053737,0
1537,normal,33.67198,-117.913025263,1
1538,normal,33.67198,-117.912996789,0
1539,normal,33.67198,-117.912968316,1
1540,normal,33.67198,-117.912939842,0
1541,normal,33.67198,-117.912911368,1
1542,normal,33.67198,-117.912882895,0
1543,normal,33.67198,-117.912854421,1
1544,normal,33.67198,-117.912825947,0
1545,normal,33.67198,-117.912797474,1
1546,normal,33.67198,-117.912769,0
1547,normal,33.67198,-117.912740526,1
1548,normal,33.67198,-117.912712053,0
1549,normal,33.67198,-117.912683579,1
1550,normal,33.67198,-117.912655105,0
1551,normal,33.67198,-117.912626632,1
1552,normal,33.67198,-117.912598158,0
1553,normal,33.67198,-117.912569684,1
1554,normal,33.67198,-117.912541211,0
1555,normal,33.67198,-117.912512737,1
1556,normal,33.67198,-117.912484263,0
1557,normal,33.67198,-117.912455789,1
1558,normal,33.67198,-117.912427316,0
1559,normal,33.67198,-117.912398842,1
1560,normal,33.67198,-117.912370368,0
1561,normal,33.67198,-117.912341895,1
1562,normal,33.67198,-117.912313421,0
1563,normal,33.67198,-117.912284947,1
1564,normal,33.67198,-117.912256474,0
1565,normal,33.67198,-117.912228,1
1566,normal,33.67198,-117.912199526,0
1567,normal,33.67198,-117.912171053,1
1568,normal,33.67198,-117.912142579,0
1569,normal,33.67198,-117.912114105,1
1570,normal,33.67198,-117.912085632,0
1571,normal,33.67198,-117.912057158,1
1572,normal,33.67198,-117.912028684,0
1573,normal,33.67198,-117.912000211,1
1574,normal,33.67198,-117.911971737,0
1575,normal,33.67198,-117.911943263,1
1576,normal,33.67198,-117.911914789,0
1577,normal,33.67198,-117.911886316,1
1578,normal,33.67198,-117.911857842,0
1579,normal,33.67198,-117.911829368,1
1580,normal,33.67198,-117.911800895,0
1581,normal,33.67198,-117.911772421,1
1582,normal,33.67198,-117.911743947,0
1583,normal,33.67198,-117.911715474,1
1584,normal,33.67198,-117.911687,0
1585,normal,33.67187,-117.913281526,1
1586,normal,33.67187,-117.913253053,0
1587,normal,33.67187,-117.913224579,1
1588,normal,33.67187,-117.913196105,0
1589,normal,33.67187,-117.913167632,1
1590,normal,33.67187,-117.913139158,0
1591,normal,33.67187,-117.913110684,1
1592,normal,33.67187,-117.913082211,0
1593,normal,33.67187,-117.913053737,1
1594,normal,33.67187,-117.913025263,0
1595,normal,33.67187,-117.912996789,1
1596,normal,33.67187,-117.912968316,0
1597,normal,33.67187,-117.912939842,1
1598,normal,33.67187,-117.912911368,0
1599,normal,33.67187,-117.912882895,1
1600,normal,33.67187,-117.912854421,0
1601,normal,33.67187,-117.912825947,1
1602,normal,33.67187,-117.912797474,0
1603,normal,33.67187,-117.912769,1
1604,normal,33.67187,-117.912740526,0
1605,normal,33.67187,-117.912712053,1
1606,normal,33.67187,-117.912683579,0
1607,normal,33.67187,-117.912655105,1
1608,normal,33.67187,-117.912626632,0
1609,normal,33.67187,-117.912598158,1
1610,normal,33.67187,-117.912569684,0
1611,normal,33.67187,-117.912541211,1
1612,normal,33.67187,-117.912512737,0
1613,normal,33.67187,-117.912484263,1
1614,normal,33.67187,-117.912455789,0
1615,normal,33.67187,-117.912427316,1
1616,normal,33.67187,-117.912398842,0
1617,normal,33.67187,-117.912370368,1
1618,normal,33.67187,-117.912341895,0
1619,normal,33.67187,-117.912313421,1
1620,normal,33.67187,-117.912284947,0
1621,normal,33.67187,-117.912256474,1
1622,normal,33.67187,-117.912228,0
1623,normal,33.67187,-117.912199526,1
1624,normal,33.67187,-117.912171053,0
1625,normal,33.67187,-117.912142579,1
1626,normal,33.67187,-117.912114105,0
1627,normal,33.67187,-117.912085632,1
1628,normal,33.67187,-117.912057158,0
1629,normal,33.67187,-117.912028684,1
1630,normal,33.67187,-117.912000211,0
1631,normal,33.67187,-117.911971737,1
1632,normal,33.67187,-117.911943263,0
1633,normal,33.67187,-117.911914789,1
1634,normal,33.67187,-117.911886316,0
1635,normal,33.67187,-117.911857842,1
1636,normal,33.67187,-117.911829368,0
1637,normal,33.67187,-117.911800895,1
1638,normal,33.67187,-117.911772421,0
1639,normal,33.67187,-117.911743947,1
1640,normal,33.67187,-117.911715474,0
1641,normal,33.67187,-117.911687,1
1642,normal,33.67181,-117.913281526,0
1643,normal,33.67181,-117.913253053,1
1644,normal,33.67181,-117.913224579,0
1645,normal,33.67181,-117.913196105,1
1646,normal,33.67181,-117.913167632,0
1647,normal,33.67181,-117.913139158,1
1648,normal,33.67181,-117.913110684,0
1649,normal,33.67181,-117.913082211,1
1650,normal,33.67181,-117.913053737,0
1651,normal,33.67181,-117.913025263,1
1652,normal,33.67181,-117.912996789,0
1653,normal,33.67181,-117.912968316,1
1654,normal,33.67181,-117.912939842,0
1655,normal,33.67181,-117.912911368,1
1656,normal,33.67181,-117.912882895,0
1657,normal,33.67181,-117.912854421,1
1658,normal,33.67181,-117.912825947,0
1659,normal,33.67181,-117.912797474,1
1660,normal,33.67181,-117.912769,0
1661,normal,33.67181,-117.912740526,1
1662,normal,33.67181,-117.912712053,0
1663,normal,33.67181,-117.912683579,1
1664,normal,33.67181,-117.912655105,0
1665,normal,33.67181,-117.912626632,1
1666,normal,33.67181,-117.912598158,0
1667,normal,33.67181,-117.912569684,1
1668,normal,33.67181,-117.912541211,0
1669,normal,33.67181,-117.912512737,1
1670,normal,33.67181,-117.912484263,0
1671,normal,33.67181,-117.912455789,1
1672,normal,33.67181,-117.912427316,0
1673,normal,33.67181,-117.912398842,1
1674,normal,33.67181,-117.912370368,0
1675,normal,33.67181,-117.912341895,1
1676,normal,33.67181,-117.912313421,0
1677,normal,33.67181,-117.912284947,1
1678,normal,33.67181,-117.912256474,0
1679,normal,33.67181,-117.912228,1
1680,normal,33.67181,-117.912199526,0
1681,normal,33.67181,-117.912171053,1
1682,normal,33.67181,-117.912142579,0
1683,normal,33.67181,-117.912114105,1
1684,normal,33.67181,-117.912085632,0
1685,normal,33.67181,-117.912057158,1
1686,normal,33.67181,-117.912028684,0
1687,normal,33.67181,-117.912000211,1
1688,normal,33.67181,-117.911971737,0
1689,normal,33.67181,-117.911943263,1
1690,normal,33.67181,-117.911914789,0
1691,normal,33.67181,-117.911886316,1
1692,normal,33.67181,-117.911857842,0
1693,normal,33.67181,-117.911829368,1
1694,normal,33.67181,-117.911800895,0
1695,normal,33.67181,-117.911772421,1
1696,normal,33.67181,-117.911743947,0
1697,normal,33.67181,-117.911715474,1
1698,normal,33.67181,-117.911687,0
1699,normal,33.673886,-117.91422725,1
1700,normal,33.673886,-117.9142015,0
1701,normal,33.673886,-117.91417575,1
1702,normal,33.673886,-117.91415,0
1703,normal,33.673886,-117.91412425,1
1704,normal,33.673886,-117.9140985,0
1705,normal,33.673886,-117.91407275,1
1706,normal,33.673886,-117.914047,0
1707,normal,33.673886,-117.91402125,1
1708,normal,33.673886,-117.9139955,0
1709,normal,33.673886,-117.91396975,1
1710,normal,33.673886,-117.913944,0
1711,normal,33.673886,-117.91391825,1
1712,normal,33.673886,-117.9138925,0
1713,normal,33.673886,-117.91386675,1
1714,normal,33.673886,-117.913841,0
1715,normal,33.673886,-117.91381525,1
1716,normal,33.673886,-117.9137895,0
1717,normal,33.673886,-117.91376375,1
1718,normal,33.673826,-117.91422725,0
1719,normal,33.673826,-117.9142015,1
1720,normal,33.673826,-117.91417575,0
1721,normal,33.673826,-117.91415,1
1722,normal,33.673826,-117.91412425,0
1723,normal,33.673826,-117.9140985,1
1724,normal,33.673826,-117.91407275,0
1725,normal,33.673826,-117.914047,1
1726,normal,33.673826,-117.91402125,0
1727,normal,33.673826,-117.9139955,1
1728,normal,33.673826,-117.91396975,0
1729,normal,33.673826,-117.913944,1
1730,normal,33.673826,-117.91391825,0
1731,normal,33.673826,-117.9138925,1
1732,normal,33.673826,-117.91386675,0
1733,normal,33.673826,-117.913841,1
1734,normal,33.673826,-117.91381525,0
1735,normal,33.673826,-117.9137895,1
1736,normal,33.673826,-117.91376375,0
1737,normal,33.673716,-117.91422725,1
1738,normal,33.673716,-117.9142015,0
1739,normal,33.673716,-117.91417575,1
1740,normal,33.673716,-117.91415,0
1741,normal,33.673716,-117.91412425,1
1742,normal,33.673716,-117.9140985,0
1743,normal,33.673716,-117.91407275,1
1744,normal,33.673716,-117.914047,0
1745,normal,33.673716,-117.91402125,1
1746,normal,33.673716,-117.9139955,0
1747,normal,33.673716,-117.91396975,1
1748,normal,33.673716,-117.913944,0
1749,normal,33.673716,-117.91391825,1
1750,normal,33.673716,-117.9138925,0
1751,normal,33.673716,-117.91386675,1
1752,normal,33.673716,-117.913841,0
1753,normal,33.673716,-117.91381525,1
1754,normal,33.673716,-117.9137895,0
1755,normal,33.673716,-117.91376375,1
1756,normal,33.673656,-117.91422725,0
1757,normal,33.673656,-117.9142015,1
1758,normal,33.673656,-117.91417575,0
1759,normal,33.673656,-117.91415,1
1760,normal,33.673656,-117.91412425,0
1761,normal,33.673656,-117.9140985,1
1762,normal,33.673656,-117.91407275,0
1763,normal,33.673656,-117.914047,1
1764,normal,33.673656,-117.91402125,0
1765,normal,33.673656,-117.9139955,1
1766,normal,33.673656,-117.91396975,0
1767,normal,33.673656,-117.913944,1
1768,normal,33.673656,-117.91391825,0
1769,normal,33.673656,-117.9138925,1
1770,normal,33.673656,-117.91386675,0
1771,normal,33.673656,-117.913841,1
1772,normal,33.673656,-117.91381525,0
1773,normal,33.673656,-117.9137895,1
1774,normal,33.673656,-117.91376375,0
1775,normal,33.673546,-117.91422725,1
1776,normal,33.673546,-117.9142015,0
1777,normal,33.673546,-117.91417575,1
1778,normal,33.673546,-117.91415,0
1779,normal,33.673546,-117.91412425,1
1780,normal,33.673546,-117.9140985,0
1781,normal,33.673546,-117.91407275,1
1782,normal,33.673546,-117.914047,0
1783,normal,33.673546,-117.91402125,1
1784,normal,33.673546,-117.9139955,0
1785,normal,33.673546,-117.91396975,1
1786,normal,33.673546,-117.913944,0
1787,normal,33.673546,-117.91391825,1
1788,normal,33.673546,-117.9138925,0
1789,normal,33.673546,-117.91386675,1
1790,normal,33.673546,-117.913841,0
1791,normal,33.673546,-117.91381525,1
1792,normal,33.673546,-117.9137895,0
1793,normal,33.673546,-117.91376375,1
1794,normal,33.673486,-117.91422725,0
1795,normal,33.673486,-117.9142015,1
1796,normal,33.673486,-117.91417575,0
1797,normal,33.673486,-117.91415,1
1798,normal,33.673486,-117.91412425,0
1799,normal,33.673486,-117.9140985,1
1800,normal,33.673486,-117.91407275,0
1801,normal,33.673486,-117.914047,1
1802,normal,33.673486,-117.91402125,0
1803,normal,33.673486,-117.9139955,1
1804,normal,33.673486,-117.91396975,0
1805,normal,33.673486,-117.913944,1
1806,normal,33.673486,-117.91391825,0
1807,normal,33.673486,-117.9138925,1
1808,normal,33.673486,-117.91386675,0
1809,normal,33.673486,-117.913841,1
1810,normal,33.673486,-117.91381525,0
1811,normal,33.673486,-117.9137895,1
1812,normal,33.673486,-117.91376375,0
1813,normal,33.673376,-117.91422725,1
1814,normal,33.673376,-117.9142015,0
1815,normal,33.673376,-117.91417575,1
1816,normal,33.673376,-117.91415,0
1817,normal,33.673376,-117.91412425,1
1818,normal,33.673376,-117.9140985,0
1819,normal,33.673376,-117.91407275,1
1820,normal,33.673376,-117.914047,0
1821,normal,33.673376,-117.91402125,1
1822,normal,33.673376,-117.9139955,0
1823,normal,33.673376,-117.91396975,1
1824,normal,33.673376,-117.913944,0
1825,normal,33.673376,-117.91391825,1
1826,normal,33.673376,-117.9138925,0
1827,normal,33.673376,-117.91386675,1
1828,normal,33.673376,-117.913841,0
1829,normal,33.673376,-117.91381525,1
1830,normal,33.673376,-117.9137895,0
1831,normal,33.673376,-117.91376375,1
1832,normal,33.673316,-117.91422725,0
1833,normal,33.673316,-117.9142015,1
1834,normal,33.673316,-117.91417575,0
1835,normal,33.673316,-117.91415,1
1836,normal,33.673316,-117.91412425,0
1837,normal,33.673316,-117.9140985,1
1838,normal,33.673316,-117.91407275,0
1839,normal,33.673316,-117.914047,1
1840,normal,33.673316,-117.91402125,0
1841,normal,33.673316,-117.9139955,1
1842,normal,33.673316,-117.91396975,0
1843,normal,33.673316,-117.913944,1
1844,normal,33.673316,-117.91391825,0
1845,normal,33.673316,-117.9138925,1
1846,normal,33.673316,-117.91386675,0
1847,normal,33.673316,-117.913841,1
1848,normal,33.673316,-117.91381525,0
1849,normal,33.673316,-117.9137895,1
1850,normal,33.673316,-117.91376375,0
1851,normal,33.673206,-117.91422725,1
1852,normal,33.673206,-117.9142015,0
1853,normal,33.673206,-117.91417575,1
1854,normal,33.673206,-117.91415,0
1855,normal,33.673206,-117.91412425,1
1856,normal,33.673206,-117.9140985,0
1857,normal,33.673206,-117.91407275,1
1858,normal,33.673206,-117.914047,0
1859,normal,33.673206,-117.91402125,1
1860,normal,33.673206,-117.9139955,0
1861,normal,33.673206,-117.91396975,1
1862,normal,33.673206,-117.913944,0
1863,normal,33.673206,-117.91391825,1
1864,normal,33.673206,-117.9138925,0
1865,normal,33.673206,-117.91386675,1
1866,normal,33.673206,-117.913841,0
1867,normal,33.673206,-117.91381525,1
1868,normal,33.673206,-117.9137895,0
1869,normal,33.673206,-117.91376375,1
1870,normal,33.673146,-117.91422725,0
1871,normal,33.673146,-117.9142015,1
1872,normal,33.673146,-117.91417575,0
1873,normal,33.673146,-117.91415,1
1874,normal,33.673146,-117.91412425,0
1875,normal,33.673146,-117.9140985,1
1876,normal,33.673146,-117.91407275,0
1877,normal,33.673146,-117.914047,1
1878,normal,33.673146,-117.91402125,0
1879,normal,33.673146,-117.9139955,1
1880,normal,33.673146,-117.91396975,0
1881,normal,33.673146,-117.913944,1
1882,normal,33.673146,-117.91391825,0
1883,normal,33.673146,-117.9138925,1
1884,normal,33.673146,-117.91386675,0
1885,normal,33.673146,-117.913841,1
1886,normal,33.673146,-117.91381525,0
1887,normal,33.673146,-117.9137895,1
1888,normal,33.673146,-117.91376375,0
1889,normal,33.673036,-117.91422725,1
1890,normal,33.673036,-117.9142015,0
1891,normal,33.673036,-117.91417575,1
1892,normal,33.673036,-117.91415,0
1893,normal,33.673036,-117.91412425,1
1894,normal,33.673036,-117.9140985,0
1895,normal,33.673036,-117.91407275,1
1896,normal,33.673036,-117.914047,0
1897,normal,33.673036,-117.91402125,1
1898,normal,33.673036,-117.9139955,0
1899,normal,33.673036,-117.91396975,1
1900,normal,33.673036,-117.913944,0
1901,normal,33.673036,-117.91391825,1
1902,normal,33.673036,-117.9138925,0
1903,normal,33.673036,-117.91386675,1
1904,normal,33.673036,-117.913841,0
1905,normal,33.673036,-117.91381525,1
1906,normal,33.673036,-117.9137895,0
1907,normal,33.673036,-117.91376375,1
1908,normal,33.672976,-117.91422725,0
1909,normal,33.672976,-117.9142015,1
1910,normal,33.672976,-117.91417575,0
1911,normal,33.672976,-117.91415,1
1912,normal,33.672976,-117.91412425,0
1913,normal,33.672976,-117.9140985,1
1914,normal,33.672976,-117.91407275,0
1915,normal,33.672976,-117.914047,1
1916,normal,33.672976,-117.91402125,0
1917,normal,33.672976,-117.9139955,1
1918,normal,33.672976,-117.91396975,0
1919,normal,33.672976,-117.913944,1
1920,normal,33.672976,-117.91391825,0
1921,normal,33.672976,-117.9138925,1
1922,normal,33.672976,-117.91386675,0
1923,normal,33.672976,-117.913841,1
1924,normal,33.672976,-117.91381525,0
1925,normal,33.672976,-117.9137895,1
1926,normal,33.672976,-117.91376375,0
1927,normal,33.672866,-117.91422725,1
1928,normal,33.672866,-117.9142015,0
1929,normal,33.672866,-117.91417575,1
1930,normal,33.672866,-117.91415,0
1931,normal,33.672866,-117.91412425,1
1932,normal,33.672866,-117.9140985,0
1933,normal,33.672866,-117.91407275,1
1934,normal,33.672866,-117.914047,0
1935,normal,33.672866,-117.91402125,1
1936,normal,33.672866,-117.9139955,0
1937,normal,33.672866,-117.91396975,1
1938,normal,33.672866,-117.913944,0
1939,normal,33.672866,-117.91391825,1
1940,normal,33.672866,-117.9138925,0
1941,normal,33.672866,-117.91386675,1
1942,normal,33.672866,-117.913841,0
1943,normal,33.672866,-117.91381525,1
1944,normal,33.672866,-117.9137895,0
1945,normal,33.672866,-117.91376375,1
1946,normal,33.672806,-117.91422725,0
1947,normal,33.672806,-117.9142015,1
1948,normal,33.672806,-117.91417575,0
1949,normal,33.672806,-117.91415,1
1950,normal,33.672806,-117.91412425,0
1951,normal,33.672806,-117.9140985,1
1952,normal,33.672806,-117.91407275,0
1953,normal,33.672806,-117.914047,1
1954,normal,33.672806,-117.91402125,0
1955,normal,33.672806,-117.9139955,1
1956,normal,33.672806,-117.91396975,0
1957,normal,33.672806,-117.913944,1
1958,normal,33.672806,-117.91391825,0
1959,normal,33.672806,-117.9138925,1
1960,normal,33.672806,-117.91386675,0
1961,normal,33.672806,-117.913841,1
1962,normal,33.672806,-117.91381525,0
1963,normal,33.672806,-117.9137895,1
1964,normal,33.672806,-117.91376375,0
1965,normal,33.672696,-117.91422725,1
1966,normal,33.672696,-117.9142015,0
1967,normal,33.672696,-117.91417575,1
1968,normal,33.672696,-117.91415,0
1969,normal,33.672696,-117.91412425,1
1970,normal,33.672696,-117.9140985,0
1971,normal,33.672696,-117.91407275,1
1972,normal,33.672696,-117.914047,0
1973,normal,33.672696,-117.91402125,1
1974,normal,33.672696,-117.9139955,0
1975,normal,33.672696,-117.91396975,1
1976,normal,33.672696,-117.913944,0
1977,normal,33.672696,-117.91391825,1
1978,normal,33.672696,-117.9138925,0
1979,normal,33.672696,-117.91386675,1
1980,normal,33.672696,-117.913841,0
1981,normal,33.672696,-117.91381525,1
1982,normal,33.672696,-117.9137895,0
1983,normal,33.672696,-117.91376375,1
1984,normal,33.672636,-117.91422725,0
1985,normal,33.672636,-117.9142015,1
1986,normal,33.672636,-117.91417575,0
1987,normal,33.672636,-117.91415,1
1988,normal,33.672636,-117.91412425,0
1989,normal,33.672636,-117.9140985,1
1990,normal,33.672636,-117.91407275,0
1991,normal,33.672636,-117.914047,1
1992,normal,33.672636,-117.91402125,0
1993,normal,33.672636,-117.9139955,1
1994,normal,33.672636,-117.91396975,0
1995,normal,33.672636,-117.913944,1
1996,normal,33.672636,-117.91391825,0
1997,normal,33.672636,-117.9138925,1
1998,normal,33.672636,-117.91386675,0
1999,normal,33.672636,-117.913841,1
2000,normal,33.672636,-117.91381525,0
2001,normal,33.672636,-117.9137895,1
2002,normal,33.672636,-117.91376375,0
2003,normal,33.672526,-117.91422725,1
2004,normal,33.672526,-117.9142015,0
2005,normal,33.672526,-117.91417575,1
2006,normal,33.672526,-117.91415,0
2007,normal,33.672526,-117.91412425,1
2008,normal,33.672526,-117.9140985,0
2009,normal,33.672526,-117.91407275,1
2010,normal,33.672526,-117.914047,0
2011,normal,33.672526,-117.91402125,1
2012,normal,33.672526,-117.9139955,0
2013,normal,33.672526,-117.91396975,1
2014,normal,33.672526,-117.913944,0
2015,normal,33.672526,-117.91391825,1
2016,normal,33.672526,-117.9138925,0
2017,normal,33.672526,-117.91386675,1
2018,normal,33.672526,-117.913841,0
2019,normal,33.672526,-117.91381525,1
2020,normal,33.672526,-117.9137895,0
2021,normal,33.672526,-117.91376375,1
2022,normal,33.672466,-117.91422725,0
2023,normal,33.672466,-117.9142015,1
2024,normal,33.672466,-117.91417575,0
2025,normal,33.672466,-117.91415,1
2026,normal,33.672466,-117.91412425,0
2027,normal,33.672466,-117.9140985,1
2028,normal,33.672466,-117.91407275,0
2029,normal,33.672466,-117.914047,1
2030,normal,33.672466,-117.91402125,0
2031,normal,33.672466,-117.9139955,1
2032,normal,33.672466,-117.91396975,0
2033,normal,33.672466,-117.913944,1
2034,normal,33.672466,-117.91391825,0
2035,normal,33.672466,-117.9138925,1
2036,normal,33.672466,-117.91386675,0
2037,normal,33.672466,-117.913841,1
2038,normal,33.672466,-117.91381525,0
2039,normal,33.672466,-117.9137895,1
2040,normal,33.672466,-117.91376375,0
2041,normal,33.672356,-117.91422725,1
2042,normal,33.672356,-117.9142015,0
2043,normal,33.672356,-117.91417575,1
2044,normal,33.672356,-117.91415,0
2045,normal,33.672356,-117.91412425,1
2046,normal,33.672356,-117.9140985,0
2047,normal,33.672356,-117.91407275,1
2048,normal,33.672356,-117.914047,0
2049,normal,33.672356,-117.91402125,1
2050,normal,33.672356,-117.9139955,0
2051,normal,33.672356,-117.91396975,1
2052,normal,33.672356,-117.913944,0
2053,normal,33.672356,-117.91391825,1
2054,normal,33.672356,-117.9138925,0
2055,normal,33.672356,-117.91386675,1
2056,normal,33.672356,-117.913841,0
2057,normal,33.672356,-117.91381525,1
2058,normal,33.672356,-117.9137895,0
2059,normal,33.672356,-117.91376375,1